{
  "KL_or_JSD_score01": 0.09982496310538277,
  "QNT_score01": 0.24131193023821057,
  "MOM_score01": 0.29382117624398163,
  "Mean_score01": 0.2827355536295425,
  "TRJDIST_score01": 0.582603360316656,
  "GRAPH_score01": 0.629380163178734,
  "CrossRegionMI_score01": 0.6586887871154662,
  "LaggedCovariance_score01": 0.6929549993126303,
  "ImpulseResponse_score01": 0.47460991251874185,
  "MANI_score01": 0.6829394151056221,
  "SubspaceAngle_score01": 0.9777743526873016,
  "LatentStateOccupancyK11_score01": 0.35095682866379485,
  "LatentStateOccupancyK12_score01": 0.35936689140500444,
  "LatentStateTransitionLag1K11_score01": 0.44476822249526027,
  "LatentStateTransitionLag2K11_score01": 0.42404203070068774,
  "LatentStateTransitionLag3K11_score01": 0.4079758070708389,
  "family_distribution": 0.22942340580427936,
  "family_temporal_spectral": 0.582603360316656,
  "family_relational": 0.6139084655313931,
  "family_geometry": 0.8303568838964619,
  "family_state_dynamics": 0.3974219560671173,
  "composite_score": 0.5236799770549182,
  "FINAL_COMPOSITE_SCORE": 0.5236799770549182,
  "FINAL_NEURO_COMPOSITE_SCORE": 0.5236799770549182
}