{
  "scores": {
    "Error_score01": 0.30460956874251627,
    "MI_score01": 0.08477450143307233,
    "family_fidelity": 0.22766729518421092,
    "FIDELITY_SCORE": 0.22766729518421092
  }
}