{
  "scores": {
    "Error_score01": 0.3046095660986963,
    "MI_score01": 0.084774289265416,
    "family_fidelity": 0.22766721920704822,
    "FIDELITY_SCORE": 0.22766721920704822
  }
}