{
  "KL_or_JSD_score": 0.2054130952442756,
  "QNT_score": 0.4694626042937872,
  "MOM_score": 0.4693548818918062,
  "Mean_score": 0.5897629263699566,
  "TRJDIST_score": 0.5780303262812256,
  "GRAPH_score": 0.8605970582501371,
  "CrossRegionMI_score": 0.8337113357159426,
  "LaggedCovariance_score": 0.6994758656088242,
  "ImpulseResponse_score": 0.49919223672997726,
  "MANI_score": 0.7901388037305844,
  "SubspaceAngle_score": 0.9520737139386228,
  "LatentStateOccupancyK11_score": 0.61736541690351,
  "LatentStateOccupancyK12_score": 0.6334586075193039,
  "LatentStateTransitionLag1K11_score": 0.6682107857399179,
  "LatentStateTransitionLag2K11_score": 0.6352201452457666,
  "LatentStateTransitionLag3K11_score": 0.6135681496624407,
  "family_distribution": 0.4334983769499564,
  "family_temporal_spectral": 0.5780303262812256,
  "family_relational": 0.7232441240762203,
  "family_geometry": 0.8711062588346037,
  "family_state_dynamics": 0.6335646210141879,
  "composite_score": 0.6438344498106863,
  "FINAL_COMPOSITE_SCORE": 0.6438344498106863,
  "FINAL_NEURO_COMPOSITE_SCORE": 0.6438344498106863
}