{
  "global_scores": {
    "position_kl_score": 0.12923563677475686,
    "stationary_score": 0.43821760436244783,
    "velocity_score": 0.9896792880350086,
    "acceleration_score": 0.9575602741328041,
    "direction_score": 0.6402119596720918,
    "quadrant_score": 0.9743074865170129,
    "syllable_score": 0.6229618616880902,
    "trajectory_shape_score": 0.07558021419990955,
    "dtw_similarity_score": 0.033642169294581886,
    "procrustes_similarity": 0.5092721784960291,
    "mmd_similarity": 0.9648171247130554,
    "composite_score": 0.44637798120344385
  },
  "per_sequence": {
    "sequence_length": [
      0,
      0,
      0,
      0,
      0,
      0,
      0,
      0,
      0,
      0,
      0,
      0,
      0,
      0,
      0,
      0,
      0,
      0,
      0,
      0,
      0,
      0,
      0,
      0,
      0,
      0,
      0,
      0,
      0,
      0,
      0,
      0,
      0,
      0,
      0,
      0,
      0,
      0,
      0,
      0,
      0,
      0,
      0,
      0,
      0,
      0,
      0,
      0,
      0,
      0,
      0,
      0,
      0,
      0,
      0,
      0,
      0,
      0,
      0,
      0,
      0,
      0,
      0,
      0,
      0,
      0,
      0,
      0,
      0,
      0,
      0,
      0
    ],
    "position_kl_score": [
      0.04352646478675811,
      0.04478006910862212,
      0.046204741143706526,
      0.10092396561838196,
      0.05569327992159986,
      0.045631889469331464,
      0.04962391238378022,
      0.0442626469293386,
      0.10010183125245282,
      0.07505100183680982,
      0.04379413882262311,
      0.043893484088244714,
      0.04235612401243239,
      0.04490544663568727,
      0.04359013430417339,
      0.07087162653920735,
      0.09614082137019443,
      0.04351688079103585,
      0.043146936355241805,
      0.04817404062291022,
      0.049253406565895164,
      0.0468088511153758,
      0.045395251117524286,
      0.04456888442942469,
      0.06413000605427904,
      0.04407322794641461,
      0.04464765961557335,
      0.04650179547948757,
      0.04393434313081907,
      0.046966972142156,
      0.0684191801367813,
      0.04532898754057907,
      0.1166399828958955,
      0.09408559171012619,
      0.044799723394859964,
      0.04446216422768187,
      0.07176994870319961,
      0.043868915589024844,
      0.049832367491288006,
      0.04699098989272197,
      0.048133017249879916,
      0.044120537933361036,
      0.04690470644441403,
      0.04722391939512224,
      0.052271817055432206,
      0.04574942670699356,
      0.04407379050077524,
      0.06662856477244855,
      0.04675761254551065,
      0.046422069090190386,
      0.08120289934483511,
      0.045179161190822895,
      0.07228422741795507,
      0.04350395236729948,
      0.04294169768603387,
      0.048779212174193315,
      0.04308389835488293,
      0.07406359426303677,
      0.07504244021797948,
      0.04477280394254614,
      0.04534437182236481,
      0.07904894961911793,
      0.044939781229924584,
      0.07875599530111675,
      0.04553276201996935,
      0.042460592430323345,
      0.04359311611801336,
      0.04278696476581808,
      0.0643365389418744,
      0.05002254274888959,
      0.1234105573092322,
      0.04453659237050251
    ],
    "stationary_score": [
      0.6349331235247837,
      0.20277169948942375,
      0.3085339168490153,
      0.7376068376068377,
      0.49957301451750635,
      0.5572649572649573,
      0.4982905982905983,
      0.32621690862510677,
      0.5055508112724167,
      0.4996066089693155,
      0.49017933390264734,
      0.194017094017094,
      0.10464201416207708,
      0.5460267505900865,
      0.1998426435877262,
      0.536834427425237,
      0.23446105428796227,
      0.12035010940919033,
      0.31596925704526047,
      0.5120350109409191,
      0.22187254130605827,
      0.7472245943637916,
      0.6609735269000854,
      0.2336742722265932,
      0.5743509047993706,
      0.20535011801730918,
      0.6262785208497246,
      0.537563822027717,
      0.4335169158143194,
      0.6664044059795436,
      0.38717948717948714,
      0.3668854850474107,
      0.22974036191974823,
      0.12472647702407003,
      0.3610503282275711,
      0.4039282664389411,
      0.7412467976088812,
      0.4008547008547009,
      0.3808710503842869,
      0.7206418672501824,
      0.6827133479212254,
      0.6323851203501094,
      0.72991452991453,
      0.6032093362509117,
      0.6856309263311451,
      0.25966447848285923,
      0.43587726199842647,
      0.49871904355251917,
      0.617948717948718,
      0.6870897155361051,
      0.1691581431943352,
      0.4286934244235696,
      0.5995279307631787,
      0.19905586152635724,
      0.09284028324154214,
      0.5893508388037929,
      0.3825789923142613,
      0.06345733041575496,
      0.5955940204563336,
      0.25960717335610595,
      0.4463894967177243,
      0.6813532651455547,
      0.5448577680525164,
      0.25963808025177026,
      0.4859094790777113,
      0.47600314712824543,
      0.1943351691581432,
      0.12764405543398982,
      0.5565280816921955,
      0.6834427425237053,
      0.5957264957264957,
      0.23778264040846098
    ],
    "velocity_score": [
      0.9918888030483961,
      0.8851380646027962,
      0.9891402262816638,
      0.9741978506933099,
      0.8601836608292062,
      0.7483451885197484,
      0.9657951589019991,
      0.8463695102774489,
      0.9922704837897566,
      0.98538172454833,
      0.9840852630789442,
      0.6300480481420213,
      0.9400985028702461,
      0.9994537018586866,
      0.9929061008995156,
      0.9984831723882052,
      0.9777731064830024,
      0.9477150801486843,
      0.8601838127203845,
      0.9788067540953476,
      0.9634101707907916,
      0.9923714071743387,
      0.9916962776699191,
      0.9901566855019527,
      0.8441500408080714,
      0.9327462638979236,
      0.9008858321253969,
      0.9939315305479931,
      0.8786822105292775,
      0.9513623608092195,
      0.9972505453046663,
      0.9648014295055811,
      0.98538172454833,
      0.9926571753721843,
      0.8851380646027962,
      0.9913959537174571,
      0.9969676684325676,
      0.9430281389884702,
      0.9684568025713122,
      0.9935618069004052,
      0.9381662478238462,
      0.980476090938729,
      0.9797380244780592,
      0.9544308213086756,
      0.987415252603329,
      0.9654133829017936,
      0.9701546731870558,
      0.8743815637670167,
      0.9799782097581601,
      0.9177506373603022,
      0.9777731064830024,
      0.9826272188085684,
      0.9891905696097908,
      0.94752274151298,
      0.911156309666186,
      0.9851552705611285,
      0.9814191346855492,
      0.9997470088177148,
      0.9673325742031722,
      0.8321388129346607,
      0.9648014295055811,
      0.911156309666186,
      0.8112661528696735,
      0.911156309666186,
      0.9998265369674212,
      0.978491808829433,
      0.9041219508272037,
      0.8989023709328979,
      0.9864873360262458,
      0.9895055100654203,
      0.9844384222145808,
      0.9499563076674105
    ],