{
  "KL_or_JSD_score01": 0.21139215425044133,
  "QNT_score01": 0.3328558719634741,
  "MOM_score01": 0.39598982495037505,
  "Mean_score01": 0.5585092797563422,
  "TRJDIST_score01": 0.6918584541684558,
  "GRAPH_score01": 0.5516432422677182,
  "CrossRegionMI_score01": 0.6755045614213246,
  "LaggedCovariance_score01": 0.4977529638406228,
  "ImpulseResponse_score01": 0.48391696414194957,
  "MANI_score01": 0.5613697017515267,
  "SubspaceAngle_score01": 0.4945154727541559,
  "LatentStateOccupancyK11_score01": 0.6159465744176719,
  "LatentStateOccupancyK12_score01": 0.6001252359674054,
  "LatentStateTransitionLag1K11_score01": 0.6790623130457846,
  "LatentStateTransitionLag2K11_score01": 0.6586829636565619,
  "LatentStateTransitionLag3K11_score01": 0.6419738854018856,
  "family_distribution": 0.3746867827301582,
  "family_temporal_spectral": 0.6918584541684558,
  "family_relational": 0.5522044329179038,
  "family_geometry": 0.5279425872528413,
  "family_state_dynamics": 0.6391581944978619,
  "composite_score": 0.5495728185663803,
  "FINAL_COMPOSITE_SCORE": 0.5495728185663803,
  "FINAL_NEURO_COMPOSITE_SCORE": 0.5495728185663803
}