{
  "scores": {
    "Error_score01": 0.2870910660245521,
    "MI_score01": 0.13972253740139856,
    "family_fidelity": 0.23551208100644838,
    "FIDELITY_SCORE": 0.23551208100644838
  }
}