{
  "scores": {
    "Error_score01": 0.28709106346314,
    "MI_score01": 0.13972253740139856,
    "family_fidelity": 0.2355120793415305,
    "FIDELITY_SCORE": 0.2355120793415305
  }
}