{
  "KL_or_JSD_score": 0.04720889604416677,
  "QNT_score": 0.31536033528223445,
  "MOM_score": 0.031106956589792234,
  "Mean_score": 0.3379333712767917,
  "TRJDIST_score": 0.24084970459999655,
  "GRAPH_score": 0.49373616666216813,
  "CrossRegionMI_score": 0.6523960311089065,
  "LaggedCovariance_score": 0.490393378244485,
  "ImpulseResponse_score": 0.6939850574134065,
  "MANI_score": 0.536470975064879,
  "SubspaceAngle_score": 0.7562056863617572,
  "LatentStateOccupancyK11_score": 0.1898311029324114,
  "LatentStateOccupancyK12_score": 0.19255285941501993,
  "LatentStateTransitionLag1K11_score": 0.26403781520988334,
  "LatentStateTransitionLag2K11_score": 0.253199790974023,
  "LatentStateTransitionLag3K11_score": 0.24571491660982714,
  "family_distribution": 0.1829023897982463,
  "family_temporal_spectral": 0.24084970459999655,
  "family_relational": 0.5826276583572416,
  "family_geometry": 0.6463383307133181,
  "family_state_dynamics": 0.22906729702823297,
  "composite_score": 0.3809951235828307,
  "FINAL_COMPOSITE_SCORE": 0.3809951235828307,
  "FINAL_NEURO_COMPOSITE_SCORE": 0.3809951235828307
}