{
  "KL_or_JSD_score01": 0.04720889604416677,
  "QNT_score01": 0.31536033528223445,
  "MOM_score01": 0.031106956589792234,
  "Mean_score01": 0.3379333712767917,
  "TRJDIST_score01": 0.23780620766958344,
  "GRAPH_score01": 0.49373616666216813,
  "CrossRegionMI_score01": 0.6523960311089065,
  "LaggedCovariance_score01": 0.490393378244485,
  "ImpulseResponse_score01": 0.6939850574134065,
  "MANI_score01": 0.536470975064879,
  "SubspaceAngle_score01": 0.7562056863617572,
  "LatentStateOccupancyK11_score01": 0.1898311029324114,
  "LatentStateOccupancyK12_score01": 0.19255285941501993,
  "LatentStateTransitionLag1K11_score01": 0.26403781520988334,
  "LatentStateTransitionLag2K11_score01": 0.253199790974023,
  "LatentStateTransitionLag3K11_score01": 0.24571491660982714,
  "family_distribution": 0.1829023897982463,
  "family_temporal_spectral": 0.23780620766958344,
  "family_relational": 0.5826276583572416,
  "family_geometry": 0.6463383307133181,
  "family_state_dynamics": 0.22906729702823297,
  "composite_score": 0.3804472941353564,
  "FINAL_COMPOSITE_SCORE": 0.3804472941353564,
  "FINAL_NEURO_COMPOSITE_SCORE": 0.3804472941353564
}