{
  "global_scores": {
    "position_kl_score": 0.12506153641990883,
    "stationary_score": 0.43821760436244783,
    "velocity_score": 0.9892805680656487,
    "acceleration_score": 0.9892857979605642,
    "direction_score": 0.624074212279816,
    "quadrant_score": 0.9521756800628977,
    "syllable_score": 0.8208988221247927,
    "trajectory_shape_score": 0.10486478184393484,
    "composite_score": 0.47839973528459356
  },
  "per_sequence": {
    "sequence_length": [
      0,
      0,
      0,
      0,
      0,
      0,
      0,
      0,
      0,
      0,
      0,
      0,
      0,
      0,
      0,
      0,
      0,
      0,
      0,
      0,
      0,
      0,
      0,
      0,
      0,
      0,
      0,
      0,
      0,
      0,
      0,
      0,
      0,
      0,
      0,
      0,
      0,
      0,
      0,
      0,
      0,
      0,
      0,
      0,
      0,
      0,
      0,
      0,
      0,
      0,
      0,
      0,
      0,
      0,
      0,
      0,
      0,
      0,
      0,
      0,
      0,
      0,
      0,
      0,
      0,
      0,
      0,
      0,
      0,
      0,
      0,
      0
    ],
    "position_kl_score": [
      0.04411076676670362,
      0.0455142793178275,
      0.04762634250395917,
      0.04451894428688925,
      0.04505607023051324,
      0.0869342580542753,
      0.04893763930303216,
      0.04271684188801886,
      0.055300007828129154,
      0.14463741933643717,
      0.044025663581203495,
      0.043555794786873506,
      0.042353009201850644,
      0.04509107861106399,
      0.04295236570319163,
      0.10425678461076981,
      0.13552990073199264,
      0.04262458948072992,
      0.042587299744183196,
      0.055252152375980836,
      0.04289312591031872,
      0.045683817387145415,
      0.04359902942234066,
      0.04358604567086841,
      0.043279568999656404,
      0.04294847625012481,
      0.04430410958379631,
      0.04996547962771855,
      0.04317228729505703,
      0.05406797215750129,
      0.10041295060860915,
      0.0516955402587278,
      0.08732802933484303,
      0.059366245382826706,
      0.05394942505440033,
      0.04282142967738531,
      0.06464916827965049,
      0.043083085519917776,
      0.04403339512744993,
      0.04596663330127781,
      0.04777624420348429,
      0.0443340151274511,
      0.045883412618886635,
      0.05109645726069361,
      0.0460412778819202,
      0.06984254855811318,
      0.044064020012035146,
      0.04555080164340248,
      0.04543440559556334,
      0.05125419932938618,
      0.11980683681153168,
      0.04411568005424353,
      0.057367438140313934,
      0.04265161033212004,
      0.04269752094039814,
      0.04624581550338414,
      0.04300174672091702,
      0.043346809397960435,
      0.09712342607312609,
      0.045931600066445866,
      0.04460616193017704,
      0.04398697947579025,
      0.04640869680657506,
      0.07589186386350448,
      0.044580880585356586,
      0.041824535034871296,
      0.041507370186522605,
      0.04171649715794783,
      0.04644916155298998,
      0.046597163369914284,
      0.07356994213652461,
      0.05430218401221162
    ],
    "stationary_score": [
      0.6349331235247837,
      0.20277169948942375,
      0.3085339168490153,
      0.7376068376068377,
      0.49957301451750635,
      0.5572649572649573,
      0.4982905982905983,
      0.32621690862510677,
      0.5055508112724167,
      0.4996066089693155,
      0.49017933390264734,
      0.194017094017094,
      0.10464201416207708,
      0.5460267505900865,
      0.1998426435877262,
      0.536834427425237,
      0.23446105428796227,
      0.12035010940919033,
      0.31596925704526047,
      0.5120350109409191,
      0.22187254130605827,
      0.7472245943637916,
      0.6609735269000854,
      0.2336742722265932,
      0.5743509047993706,
      0.20535011801730918,
      0.6262785208497246,
      0.537563822027717,
      0.4335169158143194,
      0.6664044059795436,
      0.38717948717948714,
      0.3668854850474107,
      0.22974036191974823,
      0.12472647702407003,
      0.3610503282275711,
      0.4039282664389411,
      0.7412467976088812,
      0.4008547008547009,
      0.3808710503842869,
      0.7206418672501824,
      0.6827133479212254,
      0.6323851203501094,
      0.72991452991453,
      0.6032093362509117,
      0.6856309263311451,
      0.25966447848285923,
      0.43587726199842647,
      0.49871904355251917,
      0.617948717948718,
      0.6870897155361051,
      0.1691581431943352,
      0.4286934244235696,
      0.5995279307631787,
      0.19905586152635724,
      0.09284028324154214,
      0.5893508388037929,
      0.3825789923142613,
      0.06345733041575496,
      0.5955940204563336,
      0.25960717335610595,
      0.4463894967177243,
      0.6813532651455547,
      0.5448577680525164,
      0.25963808025177026,
      0.4859094790777113,
      0.47600314712824543,
      0.1943351691581432,
      0.12764405543398982,
      0.5565280816921955,
      0.6834427425237053,
      0.5957264957264957,
      0.23778264040846098
    ],
    "velocity_score": [
      0.9997270867421849,
      1.0,
      0.9913044978419706,
      0.98952281965714,
      0.9686718879069645,
      0.9922635686924453,
      0.9997527092339522,
      0.9922704837897566,
      1.0,
      0.98538172454833,
      0.9922704837897566,
      0.6472637348755235,
      1.0,
      1.0,
      1.0,
      1.0,
      0.9929061008995156,
      0.9669436710563437,
      0.9922704837897566,
      0.9592212350144123,
      0.928659527226429,
      0.9039487933421171,
      0.9851464534447255,
      0.9634741754776878,
      0.7307381817009148,
      1.0,
      0.8974461143305702,
      0.9914889342685751,
      0.98538172454833,
      0.9452251939462589,
      0.9922635686924453,
      0.9931971885579782,
      0.9929061008995156,
      0.9869795981873442,
      1.0,
      0.968456811965073,
      0.9675568480960364,
      0.9922635686924453,
      0.9535174216073276,
      0.9791569391230691,
      0.9351604332143025,
      0.9665821986173774,
      0.9988233572407808,
      0.9569330884309442,
      0.9653262425086002,
      0.9983956656963269,
      1.0,
      0.9603162220121654,
      0.9922635683845453,
      0.9361322891978384,
      1.0,
      0.9922147081358265,
      0.9281796158848253,
      0.98538172454833,
      0.9929061008995156,
      0.988608084827399,
      0.9446693760496654,
      0.9934474014708374,
      0.967762895138883,
      0.8517433428041797,
      0.9991982558555264,
      0.9929061008995156,
      0.9553520029554168,
      1.0,
      0.9840852630789442,
      1.0,
      1.0,
      0.9934474014708374,
      0.8995559161579265,
      0.9581927637031806,
      0.9820408340283485,
      0.9262918290582957
    ],