{
  "global_scores": {
    "position_kl_score": 0.09023663936953234,
    "stationary_score": 0.3918378005358243,
    "velocity_score": 0.7035272994441457,
    "acceleration_score": 0.6968031011674206,
    "direction_score": 0.6293513822274556,
    "quadrant_score": 0.9194157272569589,
    "syllable_score": 0.6222743546822064,
    "trajectory_shape_score": 0.06288005106263271,
    "composite_score": 0.3751651789614023
  },
  "per_sequence": {
    "sequence_length": [
      0,
      0,
      0,
      0,
      0,
      0,
      0,
      0,
      0,
      0,
      0,
      0,
      0,
      0,
      0,
      0,
      0,
      0,
      0
    ],
    "position_kl_score": [
      0.04409687546315626,
      0.04359193707207828,
      0.048138367751642624,
      0.04449708906347378,
      0.042695639887212374,
      0.05060396925697124,
      0.05277424377036441,
      0.05809887430867541,
      0.04597175627011901,
      0.07017231004595077,
      0.04448841134499777,
      0.04331298437290345,
      0.07217142314730962,
      0.0419897156566486,
      0.041680737425343124,
      0.04633342647317074,
      0.04666032050405897,
      0.07916210890360995,
      0.0639555018963718
    ],
    "stationary_score": [
      0.6349331235247837,
      0.20277169948942375,
      0.3085339168490153,
      0.7376068376068377,
      0.32621690862510677,
      0.5055508112724167,
      0.5120350109409191,
      0.12472647702407003,
      0.6856309263311451,
      0.25966447848285923,
      0.4286934244235696,
      0.06345733041575496,
      0.25963808025177026,
      0.1943351691581432,
      0.12764405543398982,
      0.5565280816921955,
      0.6834427425237053,
      0.5957264957264957,
      0.23778264040846098
    ],
    "velocity_score": [
      0.7365346898575955,
      0.33655004160450025,
      0.512493852991534,
      0.8129144211761024,
      0.3089457281205656,
      0.7795053684177794,
      0.6441849705010902,
      0.48441306766252373,
      0.7176041380617137,
      0.37556445379890196,
      0.5892825928914671,
      0.3075083274820875,
      0.6212306458103387,
      0.30708746304601653,
      0.24139093975776107,
      0.7076091681061141,
      0.7103799763331688,
      0.7376857546964527,
      0.4793937226771439
    ],
    "acceleration_score": [
      0.6547897862081598,
      0.29967665198077326,
      0.5585045555733319,
      0.798352546669971,
      0.38879521727662714,
      0.6830828758106131,
      0.7022950512259154,
      0.46407996397162443,
      0.7576951425419579,
      0.2743404510868285,
      0.643624365574492,
      0.3377632154367889,
      0.5635710959115517,
      0.26521339165568614,
      0.2812103281542655,
      0.7368146861596114,
      0.7310600859888922,
      0.7595009782077221,
      0.4733517401744639
    ],
    "direction_score": [
      0.6097408669858914,
      0.7415655110828505,
      0.6345688405789468,
      0.5992607913506132,
      0.7100193973538215,
      0.6355246949014286,
      0.6158198108571727,
      0.6112683874759056,
      0.5849068930057955,
      0.7027896766912711,
      0.5808337630966872,
      0.6122847215794402,
      0.5909088022809977,
      0.5896122363014886,
      0.5931749793380866,
      0.6239130724470632,
      0.6089593258511783,
      0.5691321187369411,
      0.7433923724060776
    ],
    "quadrant_score": [
      1.0,
      1.0,
      0.2975586761688835,
      1.0,
      1.0,
      1.0,
      0.09521702535634609,
      1.0,
      0.08798200367753495,
      1.0,
      0.03752464769820522,
      0.05950123621618664,
      1.0,
      0.06666779760422349,
      1.0,
      0.09116661461114646,
      0.11713012286728042,
      1.0,
      0.19281134429731023
    ],
    "syllable_score": [
      0.760670930053721,
      0.4480142753068496,
      0.5071770908756165,
      0.9516284248152995,
      0.4907409724111403,
      0.7783769026593561,
      0.7355137492970675,
      0.3683430800441259,
      0.8644697192223711,
      0.3980521483853691,
      0.6384379954084654,
      0.33629539285319215,
      0.4912934146003818,
      0.253525450708023,
      0.27603092341134833,
      0.7067412886661169,
      0.7787907722305694,
      0.8556705420353115,
      0.43049054290134064
    ],
    "trajectory_shape_score": [
      0.03492715107703291,
      0.034927151077032904,
      0.03492715107703291,
      1.0,
      0.034927151077032904,
      0.03492715107703291,
      0.03492715107703291,
      0.034927151077032904,
      0.034927151077032904,
      0.0349271510770329,
      0.03492715107703291,
      0.034927151077032904,
      0.034927151077032904,
      0.034927151077032904,
      0.034927151077032904,
      0.03492715107703291,
      1.0,
      1.0,
      0.03492715107703291
    ]
  },
  "per_sequence_mean": {
    "position_kl_score": 0.05155713421426781,
    "stationary_score": 0.3870368125429345,
    "velocity_score": 0.543855428888975,
    "acceleration_score": 0.5421956017451636,
    "direction_score": 0.630170340610505,
    "quadrant_score": 0.5708768425049657,
    "syllable_score": 0.5771163825539625,
    "trajectory_shape_score": 0.1873070745911856
  },
  "per_sequence_std": {
    "position_kl_score": 0.011043640116107995,
    "stationary_score": 0.2113001663509242,
    "velocity_score": 0.1829593965097397,
    "acceleration_score": 0.18572576113339587,
    "direction_score": 0.052733958796522186,
    "quadrant_score": 0.44410968024108394,
    "syllable_score": 0.21022377314652188,
    "trajectory_shape_score": 0.3519063594399626
  }
}