{
  "global_scores": {
    "position_kl_score": 0.09882314669196655,
    "stationary_score": 0.43821760436244783,
    "velocity_score": 0.9718069979459102,
    "acceleration_score": 0.8723596337341278,
    "direction_score": 0.6360672189097187,
    "quadrant_score": 0.8683089976969686,
    "syllable_score": 0.46574597046271493,
    "trajectory_shape_score": 0.03628773138771807,
    "dtw_similarity_score": 0.015623479413808587,
    "procrustes_similarity": 0.5062850547884454,
    "mmd_similarity": 0.8383292397288519,
    "composite_score": 0.36886189257410634
  },
  "per_sequence": {
    "sequence_length": [
      0,
      0,
      0,
      0,
      0,
      0,
      0,
      0,
      0,
      0,
      0,
      0,
      0,
      0,
      0,
      0,
      0,
      0,
      0,
      0,
      0,
      0,
      0,
      0,
      0,
      0,
      0,
      0,
      0,
      0,
      0,
      0,
      0,
      0,
      0,
      0,
      0,
      0,
      0,
      0,
      0,
      0,
      0,
      0,
      0,
      0,
      0,
      0,
      0,
      0,
      0,
      0,
      0,
      0,
      0,
      0,
      0,
      0,
      0,
      0,
      0,
      0,
      0,
      0,
      0,
      0,
      0,
      0,
      0,
      0,
      0,
      0
    ],
    "position_kl_score": [
      0.044910260511232244,
      0.04533607235236517,
      0.04577701632563608,
      0.04516688246921193,
      0.05012826849632317,
      0.05466189671797842,
      0.04923691442434659,
      0.04398845366832884,
      0.08706722614428063,
      0.07134034677301734,
      0.04542139025643392,
      0.06938248402632112,
      0.044648720088936056,
      0.046310230679029694,
      0.044832748888772506,
      0.07012457747929834,
      0.04732493101027941,
      0.04437348244576489,
      0.04424525046264463,
      0.046331760875431734,
      0.04464617578985864,
      0.04755765899796282,
      0.04635531001628414,
      0.04413178891942271,
      0.044485875163302054,
      0.04543723398058823,
      0.04614422530333155,
      0.04702902550676196,
      0.044352305626019384,
      0.047485894934266526,
      0.0850344360155851,
      0.04596006836879881,
      0.07863986988879607,
      0.08469604847494658,
      0.051936211713478564,
      0.0443452117273022,
      0.05236132643635725,
      0.044050590772628455,
      0.047818957807648256,
      0.04845527227415864,
      0.050402807849658185,
      0.046133379153431756,
      0.04995767450337184,
      0.04805221713436026,
      0.05604490614858048,
      0.045126909711264304,
      0.04506445343317583,
      0.046869378113821976,
      0.04617284383892222,
      0.04890248158910871,
      0.043072074654487244,
      0.04620632443390498,
      0.05237242333771956,
      0.04436164885043159,
      0.04292335783816405,
      0.04834108112325753,
      0.04443308240232094,
      0.0457187939820051,
      0.059217923427043,
      0.044508204659639616,
      0.05626682324730722,
      0.04430364154985089,
      0.047754909658506275,
      0.07806786628599077,
      0.050160619730379316,
      0.0431116440090168,
      0.04279951576096553,
      0.043245654475326065,
      0.04721373493246663,
      0.053146198141463534,
      0.08269432429423289,
      0.04642288963856563
    ],
    "stationary_score": [
      0.6349331235247837,
      0.20277169948942375,
      0.3085339168490153,
      0.7376068376068377,
      0.49957301451750635,
      0.5572649572649573,
      0.4982905982905983,
      0.32621690862510677,
      0.5055508112724167,
      0.4996066089693155,
      0.49017933390264734,
      0.194017094017094,
      0.10464201416207708,
      0.5460267505900865,
      0.1998426435877262,
      0.536834427425237,
      0.23446105428796227,
      0.12035010940919033,
      0.31596925704526047,
      0.5120350109409191,
      0.22187254130605827,
      0.7472245943637916,
      0.6609735269000854,
      0.2336742722265932,
      0.5743509047993706,
      0.20535011801730918,
      0.6262785208497246,
      0.537563822027717,
      0.4335169158143194,
      0.6664044059795436,
      0.38717948717948714,
      0.3668854850474107,
      0.22974036191974823,
      0.12472647702407003,
      0.3610503282275711,
      0.4039282664389411,
      0.7412467976088812,
      0.4008547008547009,
      0.3808710503842869,
      0.7206418672501824,
      0.6827133479212254,
      0.6323851203501094,
      0.72991452991453,
      0.6032093362509117,
      0.6856309263311451,
      0.25966447848285923,
      0.43587726199842647,
      0.49871904355251917,
      0.617948717948718,
      0.6870897155361051,
      0.1691581431943352,
      0.4286934244235696,
      0.5995279307631787,
      0.19905586152635724,
      0.09284028324154214,
      0.5893508388037929,
      0.3825789923142613,
      0.06345733041575496,
      0.5955940204563336,
      0.25960717335610595,
      0.4463894967177243,
      0.6813532651455547,
      0.5448577680525164,
      0.25963808025177026,
      0.4859094790777113,
      0.47600314712824543,
      0.1943351691581432,
      0.12764405543398982,
      0.5565280816921955,
      0.6834427425237053,
      0.5957264957264957,
      0.23778264040846098
    ],
    "velocity_score": [
      0.9682123640873902,
      0.788465694254643,
      0.9793395670123044,
      0.9928720231434672,
      0.7290390172637153,
      0.8262202936950918,
      0.9793865899874779,
      0.8071397347818019,
      0.754026102222473,
      0.7159777665061182,
      0.8532292050054577,
      0.5648318207524274,
      0.770653443902616,
      0.9761840911781459,
      0.7969714509083656,
      0.9207027964317013,
      0.8701972558704928,
      0.791862691537354,
      0.7000376536823019,
      0.9882919664614612,
      0.983285532505806,
      0.9846031300341969,
      0.9921379787685346,
      0.9692355055403168,
      0.85083113049615,
      0.8201515582561308,
      0.8944599216219377,
      0.986043876416759,
      0.7389124194580727,
      0.9597053134500768,
      0.9540209145288499,
      0.937542202567695,
      0.7713843037930036,
      0.9691133106203094,
      0.8315596171800381,
      0.9704015504012853,
      0.9783512777594395,
      0.8406956032784549,
      0.9710274341439485,
      0.9797950737917603,
      0.9757335631057359,
      0.9970010600054686,
      0.9820840281178034,
      0.9479086151783349,
      0.9828175649140137,
      0.966673618015319,
      0.7858137498076015,
      0.8071397347818019,
      0.9687667887365015,
      0.9255585923593124,
      0.7301714989626418,
      0.9598504957835003,
      0.9824353035012816,
      0.8026568126404788,
      0.7291767161410911,
      0.9743761720295746,
      0.9698500878198717,
      0.959018060402182,
      0.9478112548595329,
      0.6852842133179712,
      0.928394483910087,
      0.7803393029071154,
      0.9853887945829303,
      0.8383259632261932,
      0.9784139152517795,
      0.7499160861840377,
      0.7643210078217658,
      0.8112661528696735,
      0.9794916186616397,
      0.9631956896116479,
      0.9703621210354694,
      0.9275638126375845
    ],