{
  "KL_or_JSD_score01": 0.2616775879247103,
  "QNT_score01": 0.374742212324429,
  "MOM_score01": 0.3600653765468335,
  "Mean_score01": 0.7160263100671208,
  "TRJDIST_score01": 0.7492294186461929,
  "GRAPH_score01": 0.9783085072643233,
  "CrossRegionMI_score01": 0.757534877135962,
  "LaggedCovariance_score01": 0.8258475606361418,
  "ImpulseResponse_score01": 0.1222159301543815,
  "MANI_score01": 0.7413911786978646,
  "SubspaceAngle_score01": 0.9730327194930198,
  "LatentStateOccupancyK11_score01": 0.6449960728548625,
  "LatentStateOccupancyK12_score01": 0.6751418152711124,
  "LatentStateTransitionLag1K11_score01": 0.7060699887074094,
  "LatentStateTransitionLag2K11_score01": 0.6846126402782486,
  "LatentStateTransitionLag3K11_score01": 0.668754862087329,
  "family_distribution": 0.4281278717157734,
  "family_temporal_spectral": 0.7492294186461929,
  "family_relational": 0.6709767187977023,
  "family_geometry": 0.8572119490954422,
  "family_state_dynamics": 0.6759150758397924,
  "composite_score": 0.6660467041335756,
  "FINAL_COMPOSITE_SCORE": 0.6660467041335756,
  "FINAL_NEURO_COMPOSITE_SCORE": 0.6660467041335756
}