{
  "scores": {
    "Error_score01": 0.2129905002328708,
    "MI_score01": 0.14165670916641449,
    "family_fidelity": 0.1880236733596111,
    "FIDELITY_SCORE": 0.1880236733596111
  }
}