{
  "scores": {
    "Error_score": 0.21299050029224575,
    "MI_score": 0.14165670916641449,
    "family_fidelity": 0.1880236733982048,
    "FIDELITY_SCORE": 0.1880236733982048
  }
}