{
  "scores": {
    "Error_score": 0.3272970280002423,
    "MI_score": 0.10339266224774249,
    "family_fidelity": 0.2489304999868674,
    "FIDELITY_SCORE": 0.2489304999868674
  }
}