{
  "scores": {
    "Error_score01": 0.3272970252851843,
    "MI_score01": 0.10339266224774249,
    "family_fidelity": 0.2489304982220797,
    "FIDELITY_SCORE": 0.2489304982220797
  }
}