{
    "neurobench-version": "0.1.0",
    "paths": {
        "gt": "/home/ubuntu/netho-seq-scaling/env/data/data-clean-300-1140-ba4.csv",
        "predictions": "/home/ubuntu/netho-seq-scaling/env/outputs/predictions/netho-seq-sl30-ba4-data100-seed101-epoch-10-predictions.csv"
    },
    "scores": {
        "mean_diff_score": 0.34426210954353814,
        "kl_score": 0.7788851076102482,
        "correlation_score": 0.8509562842735671,
        "dimensionality_score": 0.9644328290742195,
        "graph_score": 0.6666666666666666,
        "autocorr_score": 0.9837496762002927,
        "composite_score": 0.1443228858332274
    }
}