{
  "neuro_scores": {
    "KL_or_JSD_score01": 0.21139215425044133,
    "QNT_score01": 0.3328558719634741,
    "MOM_score01": 0.39598982495037505,
    "Mean_score01": 0.5585092797563422,
    "TRJDIST_score01": 0.6918584541684558,
    "GRAPH_score01": 0.5516432422677182,
    "CrossRegionMI_score01": 0.6755045614213246,
    "LaggedCovariance_score01": 0.4977529638406228,
    "ImpulseResponse_score01": 0.48391696414194957,
    "MANI_score01": 0.5613697017515267,
    "SubspaceAngle_score01": 0.4945154727541559,
    "LatentStateOccupancyK11_score01": 0.6159465744176719,
    "LatentStateOccupancyK12_score01": 0.6001252359674054,
    "LatentStateTransitionLag1K11_score01": 0.6790623130457846,
    "LatentStateTransitionLag2K11_score01": 0.6586829636565619,
    "LatentStateTransitionLag3K11_score01": 0.6419738854018856,
    "family_distribution": 0.3746867827301582,
    "family_temporal_spectral": 0.6918584541684558,
    "family_relational": 0.5522044329179038,
    "family_geometry": 0.5279425872528413,
    "family_state_dynamics": 0.6391581944978619,
    "composite_score": 0.5495728185663803,
    "FINAL_COMPOSITE_SCORE": 0.5495728185663803,
    "FINAL_NEURO_COMPOSITE_SCORE": 0.5495728185663803
  },
  "behavior_scores": {
    "position_kl_score": 0.981810239027191,
    "quadrant_score": 0.9999995868333793,
    "stationary_score": 0.8900975975975975,
    "velocity_score": 0.4561502919493407,
    "acceleration_score": 0.21578305873503414,
    "direction_score": 0.7672262310084056,
    "syllable_score": 0.24076453392053915,
    "trajectory_shape_score": 0.03630567166310656,
    "composite_score": 0.3936724840778751
  },
  "cross_scores": {
    "cca_gt": 0.08453429148318328,
    "cca_pred": 0.04470569771271752,
    "cca_alignment_score": 0.9601714062295342,
    "r2_neural_to_behavior_gt": -0.0029069267255370512,
    "r2_neural_to_behavior_pred": 0.0018479485303715126,
    "neural_to_behavior_similarity": 0.9952676265893236,
    "r2_behavior_to_neural_gt": 0.040470311786512836,
    "r2_behavior_to_neural_pred": -0.00015126689725519782,
    "behavior_to_neural_similarity": 0.9609641203720296,
    "lead_lag_gt": -6,
    "lead_lag_pred": -21,
    "lead_lag_score": 0.5,
    "cross_composite": 0.8231736419724015
  },
  "neuro_composite": 0.5495728185663803,
  "etho_composite": 0.3936724840778751,
  "cross_composite": 0.8231736419724015,
  "composite": 0.5888063148722189
}