{
  "scores": {
    "Error_score": 0.36371570856000585,
    "MI_score": 0.1754866697711596,
    "family_fidelity": 0.29783554498390963,
    "FIDELITY_SCORE": 0.29783554498390963
  }
}