{
  "scores": {
    "Error_score01": 0.36371570910222134,
    "MI_score01": 0.1754866697711596,
    "family_fidelity": 0.2978355453363497,
    "FIDELITY_SCORE": 0.2978355453363497
  }
}